File_Name,First_Author_Surname,Year_Publication,Title,Topic
liver_first_resection_in_patients_with_synchronous.8.pdf,Sutton,2024,Liver-First Resection in Patients With Synchronous Colorectal Liver Metastases Is Associated With Inferior Recurrence-Free Survival: Reconsidering The Importance of the Primary Cancer,PrimaryTumor
Hatano.pdf,Hatano,2015,Conversion to complete resection with mFOLFOX6 with bevacizumab or cetuximab based on K-ras status for unresectable colorectal liver metastasis (BECK study),PrimaryTumor
Aho.pdf,Aho,2024,"Impact of Primary Tumor Location on Demographics, Resectability, Outcomes, and Quality of Life in Finnish Metastatic Colorectal Cancer Patients (Subgroup Analysis of the RAXO Study)",PrimaryTumor
10434_2024_Article_16386.pdf,Liu,2025,The Value of Primary Tumor Resection in Patients with Liver Metastases: A 10‑Year Outcome,PrimaryTumor
MHS conférence Adam Cancer Treat Rev 2015.pdf,Adam,2015,Managing synchronous liver metastases from colorectal cancer: A multidisciplinary international consensus,PrimaryTumor
Lorenzon.pdf,Lorenzon,2017,"Tumor regression grades, K-RAS mutational profile and c-MET in colorectal liver metastases",PrimaryTumor
Arnold.pdf,Arnold,2017,Prognostic and predictive value of primary tumour side in patients with RASwild-type metastatic colorectal cancer treated with chemotherapy and EGFR directed antibodies in six randomized trials,PrimaryTumor
Goey.pdf,Goey,2018,Consensus statement on essential patient characteristics in systemic treatment trials for metastatic colorectal cancer: Supported by the ARCAD Group,PrimaryTumor
Hamfjord.pdf,Hamfjord,2022,Survival Trends of Right- and Left-Sided Colon Cancer across Four Decades: A Norwegian Population-Based Study,PrimaryTumor
Abrantes.pdf,Abrantes,2025,Association Between Colorectal Cancer Primary Features and Liver Metastases Histological Growth Patterns: Inflammation on the Primary Tumor is Associated with Desmoplastic Growth Pattern,PrimaryTumor
13304_2024_Article_1832.pdf,Emile,2024,Propensity‑score matched outcomes of resection of stage IV primary colon cancer with and without simultaneous resection of liver metastases,PrimaryTumor
Lee.pdf,Lee,2021,The efﬁcacy of anti-EGFR therapy in treating metastatic colorectal cancer differs between the middle/low rectum and the left-sided colon,PrimaryTumor
Shindoh.pdf,Shindoh,2016,KRAS Mutation Status Predicts Site-Specific Recurrence and Survival After Resection of Colorectal Liver Metastases Irrespective of Location of the Primary Lesion,PrimaryTumor
Passiglia.pdf,Passiglia,2016,Can KRAS and BRAF mutations limit the benefit of liver resection in metastatic colorectal cancer patients? A systematic review and meta-analysis,PrimaryTumor
Jan.pdf,Jana,2024,Comparison of genomic profiling of patient-matched primary colorectal and surgical resected distant metastatic (stage IV) colorectal carcinoma for drug actionability,PrimaryTumor
Benedix.pdf,Benedix,2010,"Comparison of 17,641 Patients With Right- and Left-Sided Colon Cancer: Differences in Epidemiology, Perioperative Course, Histology, and Survival",PrimaryTumor
s00423-024-03492-9.pdf,Chiba,2024,New definition of borderline resectable colorectal liver metastasis based on prognostic outcomes,PrimaryTumor
Bolhuis.pdf,Bolhuis,2020,Conversion strategies with chemotherapy plus targeted agents for colorectal cancer liver-only metastases: A systematic review,PrimaryTumor
Colorectal Disease - 2018 - Wale - Session 2  Synchronous metastatic disease liver first or primary first  The oncologist.pdf,Wale,2018,Session 2: Synchronous metastatic disease –liver first or primary first? The oncologist decides,PrimaryTumor
Boeckx.pdf,Boeckx,2017,Primary tumor sidedness has an impact on prognosis and treatment outcome in metastatic colorectal cancer: results from two randomized first-line panitumumab studies,PrimaryTumor
Vincenzi.pdf,Vincenzi,2015,Prognostic significance of K-Ras mutation rate in metastatic colorectal cancer patients,PrimaryTumor
Petrelli.pdf.pdf,Petrelli,2017,Prognostic Survival Associated With Left-Sided vs Right-Sided Colon Cancer: A Systematic Review and Meta-analysis,PrimaryTumor
J of Gastro and Hepatol - 2025 - Xu - Assessing the Therapeutic Value of Primary Tumor Resection in Colorectal Cancer Lung.pdf,Xu,2025,Assessing the Therapeutic Value of Primary Tumor Resection in Colorectal Cancer Lung Metastases: A Dynamic Visualization Clinical Tool Constructed Based on the SEER Database,PrimaryTumor
1-s2.0-S0889858824001047-main.pdf,Padmanabhan,2021,Surgical Management of Colorectal Cancer Liver Metastases,PrimaryTumor
2359.full.pdf,Sakamoto,2015,Post-chemotherapeutic CEA and CA19-9 Are Prognostic Factors in Patients with Colorectal Liver Metastases Treated with Hepatic Resection After Oxaliplatin-based Chemotherapy,LiverMetastases
Bond.pdf,Bonda,2025,Resectability assessment of colorectal liver metastases by an expert panel: Potential impact on hospitals referring patients for local treatment,LiverMetastases
s41416-023-02213-1.pdf,Ros,2023,Liver transplantation in metastatic colorectal cancer: are we ready for it?,LiverMetastases
znac424.pdf,Uutela,2022,Resectability and resection rates of colorectal liver metastases according to RAS and BRAF mutational status: prospective study,LiverMetastases
1-s2.0-S0301562924003582-main-2.pdf,Liu,2025,Classification of Neoadjuvant Therapy Response in Patients With Colorectal Liver Metastases Using Contrast-Enhanced Ultrasound — With Histological Pathology as the Gold Standard,LiverMetastases
s10434-012-2864-7.pdf,Shindoh,2013,Optimal Future Liver Remnant in Patients Treated with Extensive Preoperative Chemotherapy for Colorectal LiverMetastases,LiverMetastases
article.pdf,Reding,2017,Treatment strategies and outcome of surgery for synchronous colorectal liver metastases,LiverMetastases
11265-Article text-58712-89321-10-20241110.pdf,Sheng,2024,Effect of elevated CEA levels on the outcome of colorectal cancer patients with different histopathologic types: A SEER population-based study,LiverMetastases
s13643-020-01545-w.pdf,Pavel,2020,The effect of preoperative chemotherapy on liver regeneration after portal vein embolization/ligation or liver resection in patients with colorectal liver metastasis: a systematic review protocol,LiverMetastases
1-s2.0-S0748798322001287-main.pdf,Engstrand,2022,Treatment intention and outcome in patients with simultaneously diagnosed liver and lung metastases from colorectal cancer,LiverMetastases
s40792-018-0424-5.pdf,Maki,2018,Two-stage hepatectomy aiming for the development of intrahepatic venous collaterals for multiple colorectal liver metastases,LiverMetastases
s10434-014-4158-8.pdf,Stremitzer,2015,CEA Change After Neoadjuvant Chemotherapy Including Bevacizumab and Clinical Outcome in Patients Undergoing Liver Resection for Colorectal Liver Metastases,LiverMetastases
1-s2.0-S1743919115013412-main.pdf,Delhorme,2016,Peritoneal carcinomatosis with synchronous liver metastases from colorectal cancer: Who will benefit from complete cytoreductive surgery?,LiverMetastases
"satheesh,+ABM_11050.pdf",Garajova,2021,Synchronous and metachronous colorectal liver metastases: impact of primary tumor location on patterns of recurrence and survival after hepatic resection,LiverMetastases
cancers-16-00941-v2.pdf,Chandra,2024,Contemporary Surgical Management of Colorectal Liver Metastases,LiverMetastases
s-0044-1787073.pdf,Abdelrahman,2024,Clinical Outcomes of the Liver-First Approach in the Management of Synchronous Colorectal Liver Metastases: A Retrospective Study,LiverMetastases
PIIS1470204509703304.pdf,Folprecht,2010,Tumour response and secondary resectability of colorectal liver metastases following neoadjuvant chemotherapy with cetuximab: the CELIM randomised phase 2 trial,LiverMetastases
20000100s00009p59.pdf,Ueno,2000,Indicators for Treatment Strategies of Colorectal Liver Metastases,LiverMetastases
2065.full.pdf,Treska,2016,Methods to Increase Future Liver Remnant Volume in Patients with Primarily Unresectable Colorectal Liver Metastases: Current State and Future Perspectives,LiverMetastases
ijms-22-11780.pdf,Czauderna,2021,Tailored Systemic Therapy for Colorectal Cancer Liver Metastases,LiverMetastases
Alvarez.pdf,Carrion-Alvarez,2025,Liver metastases from colorectal cancer: A joint ESSO –EAHPBA –UEMS core curriculum collaboration,LiverMetastases
s12885-024-12162-4.pdf,Tian,2024,Prognostic factors associated with early recurrence following liver resection for colorectal liver metastases: a systematic review and meta-analysis,LiverMetastases
fonc-12-855915.pdf,Zhou,2022,A Comprehensive Prognostic Model for Colorectal Cancer Liver Metastasis Recurrence After Neoadjuvant Chemotherapy,LiverMetastases
s10434-022-12301-w.pdf,Yoshino,2022,Clinical Usefulness of Postoperative Serum Carcinoembryonic Antigen in Patients with Colorectal Cancer with Liver Metastases,LiverMetastases
1-s2.0-S0959804924012139-main.pdf,Tougeron,2024,Resection of colorectal liver metastases with second-line aflibercept plus FOLFIRI: Results from the RESECTION prospective French cohort,LiverMetastases
hpb0014-0283-2.pdf,Rocha,2012,Resectability of colorectal liver metastases: an evolving definition,LiverMetastases
CMAR-300890-role-of-surgical-approach-to-synchronous-colorectal-liver-me.pdf,Zhai,2021,Role of Surgical Approach to Synchronous Colorectal Liver Metastases: A Retrospective Analysis,LiverMetastases
17764-PB5-2970-R3.pdf,Howard,2018,Synchronous colorectal liver metastases: a national survey of surgeon opinions on simultaneous resection and multidisciplinary cooperation,LiverMetastases
Cancer - 2010 - Albert - Chemoembolization of colorectal liver metastases with cisplatin  doxorubicin  mitomycin C .pdf,Albert,2011,"Chemoembolization of Colorectal Liver Metastases With Cisplatin, Doxorubicin, Mitomycin C, Ethiodol, and Polyvinyl Alcohol",LiverMetastases
mdw199.137.pdf,Yanaga,2016,The evaluation of liver resection for colorectal cancer liver metastasis,LiverMetastases
PIIS0140673624015952-2.pdf,Adam,2024,"Liver transplantation plus chemotherapy versus chemotherapy alone in patients with permanently unresectable colorectal liver metastases (TransMet): results from a multicentre, open-label, prospective, randomised controlled trial",LiverMetastases
s12094-023-03299-y.pdf,González‑Flores,2024,Recommendations for the management of yttrium‑90 radioembolization in the treatment of patients with colorectal cancer liver metastases: a multidisciplinary review,LiverMetastases
Journal of Oncology - 2022 - Lu - Efficacy and Safety of TACE Combined with Regorafenib versus TACE in the Third_E2_80_90Line.pdf,Lu,2022,Efficacy and Safety of TACE Combined with Regorafenib versus TACEintheThird-LineTreatmentofColorectalLiverMetastases,LiverMetastases
cancers-17-00970.pdf,Sternby,2025,The Role of Chemotherapy in Patients with Synchronous Colorectal Liver Metastases: A Nationwide Study,LiverMetastases
PIIS0039606022002239.pdf,Takeda,2022,The time-dependent changes in serum carcinoembryonic antigen impact on posthepatectomy outcomes of colorectal liver metastasis,LiverMetastases
1-s2.0-S1499387222001990-main.pdf,Gavriilidis,2023,Simultaneous portal and hepatic vein embolization is better than portal embolization or ALPPS for hypertrophy of future liver remnant before major hepatectomy: A systematic review and network meta-analysis,LiverMetastases
hbsn-09-01-83.pdf,Ardito,2020,Possibility of repeat surgery for recurrence following two-stage hepatectomy for colorectal liver metastases: impact on patient outcome,LiverMetastases
raon-57-2-raon-2023-0026.pdf,Turk,2023,Two-stage hepatectomy in resection of colorectal liver metastases − a single-institution experience with case-control matching and review of the literature,LiverMetastases
pone.0114404.pdf,Evrard,2014,Combined Ablation and Resection (CARe) as an Effective Parenchymal Sparing Treatment for Extensive Colorectal Liver Metastases,LiverMetastases
PIIS0039606021003135.pdf,Tzeng,2021,Synchronous colorectal liver metastases with asymptomatic primary tumors: An individualized sequencing approach remains ideal,LiverMetastases
1-s2.0-S1365182X2101724X-main.pdf,Larsson,2022,Simultaneous or staged resection of synchronous colorectal cancer liver metastases: a 13-year institutional follow-up,LiverMetastases
AGS3-2-167.pdf,Oki,2018,Recent advances in treatment for colorectal liver metastasis,LiverMetastases
PIIS1533002820301377.pdf,Karanicolas,2020,Regional Therapies for Colorectal Liver Metastases: Systematic Review and Clinical Practice Guideline,LiverMetastases
lap vs open.pdf,Haney,2021,A systematic review and meta-analysis of randomized controlled trials comparing laparoscopic and open liver resection,LiverMetastases
11605_2018_Article_4031.pdf,Hasselgren,2019,Future Liver Remnant (FLR) Increase in Patients with Colorectal Liver Metastases Is Highest the First Week After Portal Vein Occlusion,LiverMetastases
cancers-15-00435.pdf,Nassar,2023,Multiple Laparoscopic Liver Resection for Colorectal Liver Metastases,LiverMetastases
s00432-024-05951-8.pdf,Vogl,2024,The combination of transarterial chemoembolization and microwave ablation is superior to microwave ablation alone for liver metastases from colorectal cancer,LiverMetastases
diagnostics-12-00867.pdf,Donati,2022,Chemotherapy-Induced Liver Injury in Patients with Colorectal Liver Metastases: Findings from MR Imaging,LiverMetastases
s10434-019-07740-x.pdf,Shindoh,2019,Dynamic Changes in Normal Liver Parenchymal Volume During Chemotherapy for Colorectal Cancer: Liver Atrophy as an Alternate Marker of Chemotherapy-Associated Liver Injury,LiverMetastases
10.1177_1756284820924194.pdf,Gangi,2020,Chemotherapy-associated liver injury in colorectal cancer,LiverMetastases
cancers-12-01779.pdf,Nieuwenhuizen,2020,Resectability and Ablatability Criteria for the Treatment of Liver Only Colorectal Metastases: Multidisciplinary Consensus Document from the COLLISION Trial Group,LiverMetastases
s12957-023-03256-7.pdf,Tian,2023,Triplet‐drug chemotherapy combined with anti‐EGFR antibody as an effective therapy for patients with initially unresectable metastatic colorectal cancer: a meta-analysis,LiverMetastases
dmr-05-10.pdf,Ng,2022,Minimally-invasive approach to synchronous colorectal cancer liver metastases: outcomes from a single centre,LiverMetastases
atm-10-18-952.pdf,Antoniotti,2022,FOLFOXIRI plus bevacizumab in the treatment of metastatic colorectal cancer patients with unresectable liver metastases,LiverMetastases
s10434-024-16558-1.pdf,Haddad,2025,Propensity Score‑Matched Analysis of Liver Venous Deprivation and Portal Vein Embolization Before Planned Hepatectomy in Patients with Extensive Colorectal Liver Metastases and High‑Risk Factors for Inadequate Regeneration,LiverMetastases
s10434-014-4291-4.pdf,Ratti,2015,Strategies to Increase the Resectability of Patients with Colorectal Liver Metastases: A Multi-center Case-Match Analysis of ALPPS and Conventional Two-Stage Hepatectomy,LiverMetastases
or-17-11799.pdf,Filoni,2024,Multimodal Management of Colorectal Liver Metastases: State of the Art,LiverMetastases
National-Video-Conference-April-2016-Article-6.pdf,Kelly,2015,"Synchronous Colorectal Liver Metastasis: A Network Meta-Analysis Review Comparing Classical, Combined, and Liver-First Surgical Strategies",LiverMetastases
S2468125321002193.pdf,Bonney,2021,Liver transplantation for non-resectable colorectal liver metastases: the International Hepato-Pancreato-Biliary Association consensus guidelines,LiverMetastases
bjc2013245.pdf,Loupakis,2013,Histopathologic evaluation of liver metastases from colorectal cancer in patients treated with FOLFOXIRI plus bevacizumab,LiverMetastases
hbsn-09-01-65.pdf,Tran Cao,2020,Repeat hepatectomy for recurrent colorectal cancer liver metastases after two-stage hepatectomy—limitations and opportunities,LiverMetastases
s10353-023-00796-w.pdf,Dong,2023,Surgical management of colorectal liver metastases—a practical clinical approach,LiverMetastases
Annals of Gastroent Surgery - 2024 - Kron - New trends in surgery for colorectal liver metastasis.pdf,Kron,2024,New trends in surgery for colorectal liver metastasis,LiverMetastases
s10434-012-2274-x.pdf,Narita,2012,What Is a Safe Future Liver Remnant Size in Patients Undergoing Major Hepatectomy for Colorectal Liver Metastases and Treated by Intensive Preoperative Chemotherapy?,LiverMetastases
PIIS1365182X15313757.pdf,Schwarz,2013,Systemic cytotoxic and biological therapies of colorectal liver metastases: expert consensus statement,LiverMetastases
WJGO-13-1043.pdf,Guo,2021,Neoadjuvant chemotherapy for colorectal liver metastases: A contemporary review of the literature,LiverMetastases
nihms-1927869.pdf,Morris,2023,Treatment of Metastatic Colorectal Cancer: ASCO Guideline,LiverMetastases
first-page-pdf-2.pdf,Moazzam,2023,Resection of Colorectal Liver Metastases: Prognostic Impact of Tumor Burden Score Varies with Unilateral Versus Bilateral Metastatic Spread,LiverMetastases
fonc-12-844067.pdf,Xiao,2022,Accurate Prediction of Metachronous Liver Metastasis in Stage I-III Colorectal Cancer Patients Using Deep Learning With Digital Pathological Images,LiverMetastases
Journal of Surgical Oncology - 2022 - Gumiero - Timing of resection of synchronous colorectal liver metastasis  A.pdf,Gumiero,2022,Timing of resection of synchronous colorectal liver metastasis: A systematic review and meta‑analysis,LiverMetastases
1-s2.0-S1499387215604222-main.pdf,Del Fabbro,2016,Surgical treatment of synchronous colorectal liver and lung metastases: the usefulness of thoracophrenolaparotomy for single stage resection,LiverMetastases
Defining resectability of colorectal liver metastases.pdf,Fisher,2015,Defining resectability of colorectal liver metastases,LiverMetastases
528.pdf,Li,2016,Simultaneous hepatic resection benefits patients with synchronous colorectal cancer liver metastases,LiverMetastases
International Journal of Surgical Oncology - 2011 - Haddad - Colorectal Liver Metastases-2.pdf,Haddad,2011,Colorectal Liver Metastases,LiverMetastases
s10434-021-10220-w.pdf,Giuliante,2021,Liver-First Approach for Synchronous Colorectal Metastases: Analysis of 7360 Patients from the LiverMetSurvey Registry,LiverMetastases
chung-et-al-2012-response-evaluation-in-patients-with-colorectal-liver-metastases-recist-version-1-1-versus-modified-ct.pdf,Chung,2012,Response Evaluation in Patients With Colorectal Liver Metastases: RECIST Version 1.1 Versus Modified CT Criteria,LiverMetastases
hbsn-09-01-25.pdf,Lillemoe,2020,"Surgical approach to synchronous colorectal liver metastases: staged, combined, or reverse strategy",LiverMetastases
PIIS1365182X22002842.pdf,Plua-Muñiz,2022,"HOW DIFFERENT THE SYNCHRONOUS AND METACHRONOUS COLORECTAL LIVER METASTASIS, CAN BE?",LiverMetastases
s00423-017-1611-8.pdf,Albertsmeier,2017,Synchronous colorectal liver metastases: focus on the elderly An Effectiveness Study from Routine Care,LiverMetastases
WJG-18-25.pdf,Wang,2012,An update on chemotherapy of colorectal liver metastases,LiverMetastases
6690531.pdf,Leconte,1999,Involvement of circulating CEA in liver metastases from colorectal cancers re-examined in a new experimental model,LiverMetastases
PIIS1091255X24001446.pdf,Machairas,2024,Simultaneous resection for colorectal cancer with synchronous liver metastases: current state-of-the-art,LiverMetastases
or_37_5_2553_PDF.pdf,Al Bandar,2017,Current status and future perspectives on treatment of liver metastasis in colorectal cancer (Review),LiverMetastases
s12957-019-1746-x.pdf,Jeon,2019,Clinical outcomes of complete cytoreduction with concurrent liver resection followed by hyperthermic intraperitoneal chemotherapy for synchronous peritoneal and liver metastatic colorectal cancer,LiverMetastases
PIIS1091255X24006802.pdf,Varty,2025,Optimal treatment strategies for borderline resectable liver metastases from colorectal cancer,LiverMetastases
Cancer Medicine - 2023 - Su - Five_E2_80_90year survival post hepatectomy for colorectal liver metastases in a real_E2_80_90world Chinese.pdf,Su,2023,Five-year survival post hepatectomy for colorectal liver metastases in a real-world Chinese cohort: Recurrence patterns and prediction for potential cure,LiverMetastases
fphar-15-1374136.pdf,Jiang,2024,A network meta-analysis of efficacy and safety for first-line and maintenance therapies in patients with unresectable colorectal liver metastases,LiverMetastases
oncotarget-v8i60-20934.pdf,Mao,2017,A postoperative scoring system for post-hepatectomy early recurrence of colorectal liver metastases,LiverMetastases
kjhbps-15-206.pdf,Son,2011,Is neoadjuvant chemotherapy necessary for patients with initially resectable colorectal liver metastases in the era of effective chemotherapy?,LiverMetastases
1-s2.0-S2589845024001313-main.pdf,Chan,2024,Management of Colorectal Cancer with Synchronous Liver Metastases: A systematic review of national and International Clinical Guidelines (CoSMIC-G),LiverMetastases
1-s2.0-S0748798322007387-main.pdf,Díaz,2023,Two stage hepatectomy (TSH) versus ALPPS for initially unresectable colorectal liver metastases: A systematic review and meta-analysis,LiverMetastases
hpb0015-0858.pdf,Hubert,2013,Sinusoidal obstruction syndrome (SOS) related to chemotherapy for colorectal liver metastases: factors predictive of severe SOS lesions and protective effect of bevacizumab,LiverMetastases
s12094-019-02182-z.pdf,Vera,2020,"Multidisciplinary management of liver metastases in patients with colorectal cancer: a consensus of SEOM, AEC, SEOR, SERVEI, and SEMNIM",LiverMetastases
s12957-019-1771-9.pdf,Engstrand,2019,Synchronous and metachronous liver metastases in patients with colorectal cancer—towards a clinically relevant definition,LiverMetastases
accardo.pdf,Accardo,2025,Multimodal treatment of colorectal liver metastases: Where are we? Current strategies and future perspectives,LiverMetastases
1-s2.0-S2352345X23001601-main.pdf,Patel,2023,Updated Management of Colorectal Cancer Liver Metastases: Scientific Advances Driving Modern Therapeutic Innovations,LiverMetastases
s00423-015-1308-9.pdf,Massmann,2015,Transarterial chemoembolization (TACE) for colorectal liver metastases —current status and critical review,LiverMetastases
s40644-023-00547-w.pdf,Li,2023,Early evaluation of liver metastasis using spectral CT to predict outcome in patients with colorectal cancer treated with FOLFOXIRI and bevacizumab,LiverMetastases
Gastroenterology Research and Practice - 2017 - Lee - The Roles of Carcinoembryonic Antigen in Liver Metastasis and.pdf,Lee,2017,The Roles of Carcinoembryonic Antigen in Liver Metastasis and Therapeutic Approaches,LiverMetastases
Assessing_resectability_of_colorectal_liver_metast.pdf,Dix,2018,Assessing resectability of colorectal liver metastases: How do different subspecialties interpret the same data?,LiverMetastases
hpb0015-0091.pdf,Adams,2013,Selection for hepatic resection of colorectal liver metastases: expert consensus statement,LiverMetastases
s12957-023-03253-w.pdf,Chen,2023,Efficacy of transarterial chemoembolization with drug-eluting beads combined with systemic chemotherapy and targeted therapy in colorectal cancer liver metastasis,LiverMetastases
s41698-023-00353-4.pdf,Zeineddine,2023,Survival improvement for patients with metastatic colorectal cancer over twenty years,LiverMetastases
oncolo_13_1_51.pdf,Pawlik,2008,Expanding Criteria for Resectability of Colorectal Liver Metastases,LiverMetastases
270_2022_Article_3176.pdf,Korenblik,2022,"STUDY PROTOCOL INTERVENTIONAL ONCOLOGY Dragon 1 Protocol Manuscript: Training, Accreditation, Implementation and Safety Evaluation of Portal and Hepatic Vein Embolization (PVE/HVE) to Accelerate Future Liver Remnant (FLR) Hypertrophy",LiverMetastases
s00423-024-03418-5.pdf,Yilmaz,2024,"Role of liver augmentation prior to hepatic resection – a survey on standards, procedures, and indications in Germany, Switzerland, and Austria",LiverMetastases
fonc-13-1181522.pdf,Chen,2023,Prognosis of resectable colorectal liver metastases after surgery associated with pathological features of primary tumor,LiverMetastases
PIIS0748798321009513.pdf,Meyer,2022,Treatment of metachronous colorectal cancer metastases in the Netherlands: A population-based study,LiverMetastases
1-s2.0-S0039606023001204-main.pdf,Ayabe,2023,"Optimizing the future liver remnant: Portal vein embolization, hepatic venous deprivation, and associating liver partition and portal veinligation for staged hepatectomy",LiverMetastases
PIIS1365182X15302872.pdf,Tsai,2010,Two-stage strategy for patients with extensive bilateral colorectal liver metastases,LiverMetastases
cancers-14-01063.pdf,Ivey,2022,Current Surgical Management Strategies for Colorectal Cancer Liver Metastases,LiverMetastases
CEH-7-44208.pdf,Coco,2021,Associating liver partition and portal vein ligation for staged hepatectomy (ALPPS) in colorectal liver metastases: review of the literature,LiverMetastases
s12885-017-3925-x.pdf,Engstrand,2018,"Colorectal cancer liver metastases –a population-based study on incidence, management and survival",LiverMetastases
s00330-006-0372-5.pdf,Vogl,2007,Colorectal liver metastases: regional chemotherapy via transarterial chemoembolization (TACE) and hepatic chemoperfusion: an update,LiverMetastases
comparison_of_prognosis_among_patients_with.35.pdf,Zhang,2022,"Comparison of prognosis among patients with colorectal cancer liver metastases treated by surgical resection, radiofrequency ablation and HIFU: a protocol for network meta-analysis",LiverMetastases
s00464-023-09895-x.pdf,Vreeland,2023,SAGES/AHPBA guidelines for the use of minimally invasive surgery for the surgical treatment of colorectal liver metastases (CRLM),LiverMetastases
1-s2.0-S1365182X24024535-main.pdf,D'Angelica,2025,Assessment and treatment considerations for patients with colorectal liver metastases: AHPBA consensus guideline and update for surgeons,LiverMetastases
soa60022_269_277.pdf,Minagawa,2007,Simplified Staging System for Predicting the Prognosis of Patients With Resectable Liver Metastasis Development and Validation,LiverMetastases
ijgii-13-4-109.pdf,Colombo,2024,How to treat liver metastases in colorectal cancer: A review,LiverMetastases
432_2021_Article_3880.pdf,Acciuffi,2022,Solitary colorectal liver metastasis: overview of treatment strategies and role of prognostic factors,LiverMetastases
JGO-V3N1-01.pdf,Weiss,2012,Patient selection for hepatic resection for metastatic colorectal cancer,LiverMetastases
1-s2.0-S0748798325004275-main.pdf,van Gansewinkel,2025,"Combined peritoneal and liver metastases in colorectal cancer: A Dutch nationwide population-based analysis of incidence, treatment and survival",LiverMetastases
znab457.pdf,Siriwardena,2022,Synchronous resection of primary colorectal cancer with liver metastases: two birds with one stone?,LiverMetastases
s12957-019-1641-5.pdf,Ichida,2019,Optimal indication criteria for neoadjuvant chemotherapy in patients with resectable colorectal liver metastases,LiverMetastases
1645.full.pdf,Matsumura,2022,Highly Advanced Colorectal Liver Metastases Successfully Treated With Fluorouracil Plus Leucovorin Monotherapy and Microwave Ablation,LiverMetastases
1-s2.0-S2666262021000188-main.pdf,Hua,2021,Colorectal cancer liver metastases: An update of treatment strategy and future perspectives,LiverMetastases
5529.full.pdf,Nagai,2014,Carcinoembryonic Antigen Half-life Is an Early Predictor of Therapeutic Effects in Induction Chemotherapy for Liver Metastases from Colorectal Cancer,LiverMetastases
s11912-024-01548-z.pdf,Karaoğlan,2024,"Advancements in the Management of Synchronous Colorectal Liver Metastases: A Comprehensive Review of Surgical, Systemic, and Local Treatment Modalities",LiverMetastases
82412552.pdf,Ejaz,2014,Synchronous primary colorectal and liver metastasis: impact of operative approach on clinical outcomes and hospital charges,LiverMetastases
nihms528296.pdf,Shindoh,2013,Optimal Future Liver Remnant in Patients Treated with Extensive Preoperative Chemotherapy for Colorectal Liver Metastases,LiverMetastases
bjr.20220370.pdf,Wang,2022,"Multimodal perioperative assessment of liver function and volume in patients undergoing hepatectomy for colorectal liver metastasis: a comparison of the indocyanine green retention test, 99mTc mebrofenin hepatobiliary scintigraphy and gadoxetic acid enhanced MRI",LiverMetastases
cancers-13-04590.pdf,Lee,2021,Perioperative Systemic Chemotherapy for Colorectal Liver Metastasis: Recent Updates,LiverMetastases
fonc-13-963966.pdf,Vulasala,2023,Interventional radiological therapies in colorectal hepatic metastases,LiverMetastases
s10434-023-13781-0.pdf,Kobayashi,2023,Prognostic Impact of Tumor Markers (CEA and CA19‑9) on Patients with Resectable Colorectal Liver Metastases Stratified by Tumor Number and Size: Potentially Valuable Biologic Markers for Preoperative Treatment,LiverMetastases
dixon-et-al-2020-the-future-liver-remnant-definition-evaluation-and-management.pdf,Dixon,2021,"The Future Liver Remnant: Definition, Evaluation, and Management",LiverMetastases
PIIS0002961098003031.pdf,Bakalakos,1999,Is Carcino-Embryonic Antigen Useful in the Follow-up Management of Patients with Colorectal Liver Metastases?,LiverMetastases
PIIS1533002824000872.pdf,Kim,2024,Initial Assessment of Resectability of Colorectal Cancer Liver Metastases Versus Clinical Outcome,LiverMetastases
PIIS1533002824000045.pdf,Miller,2024,Consideration of Metastasis-Directed Therapy for Patients With Metastatic Colorectal Cancer: Expert Survey and Systematic Review,LiverMetastases
mulcahy-et-al-2021-radioembolization-with-chemotherapy-for-colorectal-liver-metastases-a-randomized-open-label.pdf,Mulcahy,2021,"Radioembolization With Chemotherapy for Colorectal Liver Metastases: A Randomized, Open-Label, International, Multicenter, Phase III Trial",LiverMetastases
bjc2017218.pdf,Allard,2017,Long-term outcomes of patients with 10 or more colorectal liver metastases,LiverMetastases
WJH-13-1629.pdf,Del Basso,2021,Current strategies to induce liver remnant hypertrophy before major liver resection,LiverMetastases
PIIS0305737224000148.pdf,Bernardia,2024,Preoperative chemotherapy in upfront resectable colorectal liver metastases: New elements for an old dilemma?,LiverMetastases
cancers-16-00571.pdf,Baumgart,2024,Resection of Colorectal Liver Metastases with Major Vessel Involvement,LiverMetastases
s10434-006-9215-5.pdf,Tsai,2006,Clinicopathological Features and Prognosis in Resectable Synchronous and Metachronous Colorectal Liver Metastasis,LiverMetastases
AnnGastroenterol-32-147-2.pdf,Tsitskari,2019,The role of interventional oncology in the treatment of colorectal cancer liver metastases,LiverMetastases
PIIS0923753419572271.pdf,Giacchetti,1999,"Long-term survival of patients with unresectable colorectal cancer liver metastases following infusional chemotherapy with 5-fluorouracil, leucovorin, oxaliplatin and surgery",LiverMetastases
1-s2.0-S1044579X20301991-main.pdf,Schadde,2021,Limitations in resectability of colorectal liver metastases 2020 – A systematic approach for clinicians and patients,LiverMetastases
1-s2.0-S1365182X2300566X-main.pdf,Andel,2023,Colorectal liver metastases that survive radioembolization display features of aggressive tumor behavior,LiverMetastases
soa80016_978_982.pdf,Capussotti,2008,Portal Vein Ligation as an Efficient Method of Increasing the Future Liver Remnant Volume in the Surgical Treatment of Colorectal Metastases,LiverMetastases
fsurg-09-1006591.pdf,Di Carlo,2022,Synchronous liver and peritoneal metastases from colorectal cancer: Is cytoreductive surgery and hyperthermic intraperitoneal chemotherapy combined with liver resection a feasible option?,LiverMetastases
PIIS1051044312011001.pdf,Clark,2013,Chemoembolization for Colorectal Liver Metastases after FOLFOX Failure,LiverMetastases
cancers-15-02113.pdf,Calderon Novoa,2023,Pushing the Limits of Surgical Resection in Colorectal Liver Metastasis: How Far Can We Go?,LiverMetastases
s10434-022-11973-8.pdf,Hori,2022,Impact of Preoperative CEA Uptrend on Survival Outcomes in Patients with Colorectal Liver Metastasis After Hepatectomy,LiverMetastases
Journal of Surgical Oncology - 2023 - Cohen - Metachronous colorectal cancer metastasis  Who  what  when and what to do.pdf,Cohen,2024,"Metachronous colorectal cancer metastasis: Who, what, when and what to do about it",LiverMetastases
1-s2.0-S1072751512014421-main.pdf,Egger,2013,Assessment of Chemotherapy Response in Colorectal Liver Metastases in Patients Undergoing Hepatic Resection and the Correlation to Pathologic Residual Viable Tumor,LiverMetastases
hpb0015-0119.pdf,Abdalla,2013,Locoregional surgical and interventional therapies for advanced colorectal cancer liver metastases: expert consensus statements,LiverMetastases
6655.full.pdf,Beppu,2014,Liver Resectability of Advanced Liver-limited Colorectal Liver Metastases Following mFOLFOX6 with Bevacizumab (KSCC0802 Study),LiverMetastases
cancers-crlm.pdf,Gumbs,2022,Study: International Multicentric Minimally Invasive Liver Resection for Colorectal Liver Metastases (SIMMILR-CRLM),LiverMetastases
s12885-022-09199-8.pdf,Zhai,2022,Effect of tumour size ratio on liver recurrence-free survival of patients undergoing hepatic resection for colorectal liver metastases,LiverMetastases
PIIS1470204509700646.pdf,Chun,2009,Management of chemotherapy-associated hepatotoxicity in colorectal liver metastases,LiverMetastases
sages.org-SAGESAHPBA Guidelines for the Use of Minimally Invasive Surgery for the Surgical Treatment of Colorec.pdf,Vreeland,2022,SAGES/AHPBA Guidelines for the Use of Minimally Invasive Surgery for the Surgical Treatment of Colorectal Liver Metastases (CRLM),LiverMetastases
jop.2015.009407.pdf,Dhir,2016,Surgical Management of Liver Metastases From Colorectal Cancer,LiverMetastases
venkat-et-al-2018-colorectal-liver-metastasis-overview-of-treatment-paradigm-highlighting-the-role-of-ablation.pdf,Venkat,2018,Colorectal Liver Metastasis: Overview of Treatment Paradigm Highlighting the Role of Ablation,LiverMetastases
s11888-017-0393-2.pdf,Haraldsdottir,2017,Conversion Therapy for Initially Borderline/Unresectable Metastases in Colon Cancer: What Is the Best NeoadjuvantChemotherapy?,LiverMetastases
PIIS1365182X18308918.pdf,Chavez,2018,Two-stage hepatectomy for bilateral colorectal liver metastases: a multi-institutional analysis,LiverMetastases
JCT_2015110517035492.pdf,McNally,2015,Carcinoembryonic Antigen as a Prognostic Factor in Colorectal Cancer with Liver Metastases,LiverMetastases
1-s2.0-S0923753419314115-main.pdf,Papamichael,2015,Treatment of colorectal cancer in older patients: International Society of Geriatric Oncology (SIOG) consensus recommendations 2013,LiverMetastases
1-s2.0-S1479666X14000997-main-2.pdf,Nigri,2015,Neoadjuvant chemotherapy for resectable colorectal liver metastases: What is the evidence? Results of a systematic review of comparative studies,LiverMetastases
s41416-021-01644-y.pdf,Ychou,2022,Chemotherapy (doublet or triplet) plus targeted therapy by RAS status as conversion therapy in colorectal cancer patients with initially unresectable liver-only metastases. The UNICANCERPRODIGE-14 randomised clinical trial,LiverMetastases
1-s2.0-S1365182X15305876-main.pdf,Mohammad,2012,Evaluating agreement regarding the resectability of colorectal liver metastases: a national case-based survey of hepatic surgeons,LiverMetastases
hbsn-10-03-350.pdf,Memeo,2021,Optimization of the future remnant liver: review of the current strategies in Europe,LiverMetastases
Annals of Gastroent Surgery - 2019 - Imai - How to increase the resectability of initially unresectable colorectal liver.pdf,Imai,2019,How to increase the resectability of initially unresectable colorectal liver metastases: A surgical perspective,LiverMetastases
main.pdf,Hadden,2016,Resection of colorectal liver metastases and extra-hepatic disease: a systematic review and proportional meta-analysis of survival outcomes,LiverMetastases
Journal of Surgical Oncology - 2012 - Chua - Summary outcomes of two_E2_80_90stage resection for advanced colorectal liver.pdf,CHUA,2013,Summary Outcomes of Two-Stage Resection for Advanced Colorectal Liver Metastases,LiverMetastases
1-s2.0-S0022480420307058-main.pdf,Ren,2020,Size of the Largest Colorectal Liver Metastasis Is an Independent Prognostic Factor in the Neoadjuvant Setting,LiverMetastases
reboux_2022_oi_221040_1664988084.40858.pdf,Reboux,2022,Incidence and Survival in Synchronous and Metachronous Liver Metastases From Colorectal Cancer,LiverMetastases
1-s2.0-S1878788610000408-main.pdf,Pessaux,2010,Consequences of chemotherapy on resection of colorectal liver metastases,LiverMetastases
WJCO-11-761.pdf,Martin,2020,Colorectal liver metastases: Current management and future perspectives,LiverMetastases
s12885-015-1279-9.pdf,Schoellhammer,2015,Colorectal liver metastases: making the unresectable resectable using irreversible electroporation for microscopic positive margins – a case report,LiverMetastases
prognostic_value_of_carcinoembryonic_antigen_level.6.pdf,Peng,2018,Prognostic value of carcinoembryonic antigen level in patients with colorectal cancer liver metastasis treated with percutaneous microwaveablation under ultrasound guidance,LiverMetastases
WJGS-15-2890.pdf,Tang,2023,Prognostic role of serum carcinoembryonic antigen in patients receiving liver resection for colorectal cancer liver metastasis: A meta-analysis,LiverMetastases
simultaneous_resection_of_colorectal_cancer_and.9.pdf,Sijberden,2023,Simultaneous resection of colorectal cancer and synchronous liver metastases: what determines the risk of unfavorable outcomes? An international multicenter retrospective cohort study,LiverMetastases
jamasurgery_ratti_2018_oi_180041.pdf,Ratti,2018,Laparoscopic vs Open Surgery for Colorectal Liver Metastases,LiverMetastases
s10434-020-08942-4.pdf,De Bellis,2020,ASO Author Reflections: Transdiaphragmatic Approach for Simultaneous Resection of Colorectal Liver and Lung Metastases,LiverMetastases
nrclinonc.2014.90.pdf,Siriwardena,2014,Management of colorectal cancer presenting with synchronous liver metastases,LiverMetastases
multisocietal.pdf,Siriwardena,2023,"Multisocietal European consensus on the terminology, diagnosis, and management of patients with synchronous colorectal cancer and liver metastases: an E-AHPBA consensus in partnership with ESSO, ESCP, ESGAR, and CIRSE",LiverMetastases
cancers-16-01645.pdf,Kokkinakis,2024,Clinical Prediction Models for Prognosis of Colorectal Liver Metastases: A Comprehensive Review of Regression-Based and Machine Learning Models,LiverMetastases
PIIS074879832500160X.pdf,Lakha,2025,Simultaneous versus delayed resection of synchronous colorectal liver metastases: A systematic review and meta-analysis,LiverMetastases
PIIS0923753422041928.pdf,Cervantes,2022,"Metastatic colorectal cancer: ESMO Clinical Practice Guideline for diagnosis, treatment and follow-up",LiverMetastases
PIIS0959804922000338.pdf,Buismana,2022,Predicting 10-year survival after resection of colorectal liver metastases; an international study including biomarkers and perioperative treatment,LiverMetastases
1-s2.0-S0305737208000030-main.pdf,Pozzo,2008,Advances in neoadjuvant therapy for colorectal cancer with liver metastases,LiverMetastases
1-s2.0-S187878861200029X-main.pdf,Lim,2012,"Portal vein occlusion before major hepatectomy in patients with colorectal liver metastases: Rationale, indications, technical aspects, complications and outcome",LiverMetastases
oyac212.pdf,Sonbol,2022,The Role of Systemic Therapy in Resectable Colorectal Liver Metastases: Systematic Review and Network Meta-Analysis,LiverMetastases
nihms-1623605.pdf,Kemeny,2019,Liver-Directed therapies for colorectal cancer liver metastases,LiverMetastases
cancers-15-02965-v2.pdf,Serradilla-Martín,2023,Surgery of Colorectal Liver Metastases Involving the Inferior Vena Cava: A Systematic Review,LiverMetastases
s12957-022-02700-4.pdf,Chen,2022,"Prognostic factors in colorectal liver metastases patients with various tumor numbers treated by liver resection: a single‑center, retrospective study",LiverMetastases
PIIS0923753420320202.pdf,Ye,2012,"Tumor Response and Secondary Resectability of Colorectal Liver Metastases Following Cetuximab with Chemotherapy: A Randomized, Controlled Study",LiverMetastases
MHPB09-251.pdf,González,2007,Practical questions in liver metastases of colorectal cancer: general principles of treatment,LiverMetastases
bjs9449.pdf,Lykoudis,2014,Systematic review of surgical management of synchronous colorectal liver metastases,LiverMetastases
s10434-012-2438-8.pdf,Robinson,2012,Chemotherapy-Associated Liver Injury in Patients with Colorectal Liver Metastases: A Systematic Review and Meta-analysis,LiverMetastases
bjs550299.pdf,Väyrynen,2020,Incidence and management of patients with colorectal cancer and synchronous and metachronous colorectal metastases: a population-based study,LiverMetastases
hbsn_09_02_242.pdf,Hand,2020,Synchronous colorectal liver metastases: timing of resection and patterns of referral,LiverMetastases
I67-two-stage-laparoscopic-liver-resection.pdf,Machado,2010,Two-stage laparoscopic liver resection for bilateral colorectal liver metastasis,LiverMetastases
S2173507722001636.pdf,Herrero,2022,Long-term results of liver‑first approach strategy in patients with advanced synchronous liver metastases from colorectal cancer,LiverMetastases
1-s2.0-S0748798320306570-main.pdf,Scherman,2021,"Impact of patient, primary tumor and metastatic pattern including tumor location on survival in patients undergoing ablation or resection for colorectal liver metastases: A population-based national cohort study",LiverMetastases
1-s2.0-S1365182X2301972X-main.pdf,Kitano,2024,Neoadjuvant chemotherapy for borderline resectable colorectal cancer liver metastases: a single-institution retrospective study,LiverMetastases
hgC3gdTmccZzD9kPCpwQFLw.pdf,Quireze,2018,Metachronous colorectal liver metastases has better prognosis – is it true?,LiverMetastases
s12885-024-13008-9.pdf,Raschzok,2024,Is interval chemotherapy safe and does it improve the outcome of patients with colorectal liver metastases undergoing multimodal two-stage hepatectomy? – A systematic literature review,LiverMetastases
fonc-12-973418.pdf,Chen,2022,"Neoadjuvant chemotherapy improves overall survival in resectable colorectal liver metastases patients with high clinical risk scores —— A retrospective, propensity score matching analysis",LiverMetastases
PIIS0022480420304315.pdf,Wisneski,2020,Synchronous Versus Metachronous Colorectal Liver Metastasis Yields Similar Survival in Modern Era,LiverMetastases
426.full.pdf,Li,2016,"Portal vein embolization for induction of selective hepatic hypertrophy prior to major hepatectomy: rationale, techniques, outcomes and future directions",LiverMetastases
s40001-022-00937-z.pdf,Wang,2022,Safety and long-term prognosis of simultaneous versus staged resection in synchronous colorectal cancer with liver metastasis: a systematic review and meta-analysis,LiverMetastases
12029_2020_Article_372.pdf,Chen,2020,Effect of Time to Surgery of Colorectal Liver Metastases on Survival,LiverMetastases
cancers-13-01178.pdf,Ratti,2021,Evolution of Surgical Treatment of Colorectal Liver Metastases in the Real World: Single Center Experience in 1212 Cases,LiverMetastases
12885_2020_Article_7065.pdf,Deshayes,2020,"Study protocol of the HYPER-LIV01 trial: a multicenter phase II, prospective and randomized study comparing simultaneous portal and hepatic vein embolization to portal vein embolization for hypertrophy of the future liver remnant before major hepatectomy for colo-rectal liver metastases",LiverMetastases
fonc-14-1293598.pdf,Jiang,2024,Comparison of systemic treatments for previously treated patients with unresectable colorectal liver metastases: a systematic review and network meta-analysis,LiverMetastases
III1.pdf,Garden,2006,Guidelines for resection of colorectal cancer liver metastases,LiverMetastases
s11605-012-2022-3.pdf,Tzeng,2013,Evidence-Based Current Surgical Practice: Colorectal Liver Metastases,LiverMetastases
s12957-022-02707-x.pdf,Wu,2022,Efficacy and safety of triplet chemotherapy plus anti-EGFR agents in metastatic colorectal cancer: a systematic review and meta-analysis,LiverMetastases
A Review of Conventional and Drug-Eluting Chemoembolization in the Treatment of Colorectal Liver Metastases  Principles and Proof.pdf,Liu,2015,A Review of Conventional and Drug-Eluting Chemoembolization in the Treatment of Colorectal Liver Metastases: Principles and Proof,LiverMetastases
PIIS1365182X1631913X.pdf,Sturesson,2017,Liver-first strategy for synchronous colorectal liver metastases – an intention-to-treat analysis,LiverMetastases
ch_C3_A1vez-villa-et-al-2024-emerging-role-of-liver-transplantation-for-unresectable-colorectal-liver-metastases-2.pdf,Chávez-Villa,2024,Emerging Role of Liver Transplantation for Unresectable Colorectal Liver Metastases,LiverMetastases
uhlig-et-al-2021-locoregional-therapies-for-colorectal-cancer-liver-metastases-options-beyond-resection.pdf,Uhlig,2021,GASTROINTESTINAL CANCER —COLORECTAL AND ANAL Locoregional Therapies for Colorectal Cancer Liver Metastases: Options Beyond Resection,LiverMetastases
a5524_1.pdf,Okholm,2018,Synchronous and metachronous liver metastases in patients with colorectal cancer,LiverMetastases
1477-7819-9-154.pdf,Ismaili,2011,Treatment of colorectal liver metastases,LiverMetastases
104S.pdf,Boas,2017,"Radioembolization of Colorectal Liver Metastases: Indications, Technique, and Outcomes",LiverMetastases
06800609921c6b3ff02e31cb95be2f06d4c0.pdf,Kazi,2023,Simultaneous resection of synchronous colorectal liver metastasis: Feasibility and development of a prediction model,LiverMetastases
1-s2.0-S1743919110000968-main.pdf,Partelli,2010,Larger hepatic metastases are more frequent with N0 colorectal tumours and are associated with poor prognosis: Implications for surveillance,LiverMetastases
van-der-lei-et-al-2024-surgery-versus-thermal-ablation-for-small-size-colorectal-liver-metastases-_28collision_29-an.pdf,Meijerink,2025,"Surgery versus thermal ablation for small-size colorectal liver metastases (COLLISION): An international, multicenter, phase III randomized controlled trial.",LiverMetastases
PIIS1365182X18340103.pdf,Mizuno,2018,SMAD4 GENE MUTATION PREDICTS POOR PROGNOSIS IN PATIENTS UNDERGOING RESECTION FOR COLORECTAL LIVER METASTASES,LiverMetastases
cancers-15-03513.pdf,Ruff,2023,The Role of Targeted Therapy in the Multi-Disciplinary Approach to Colorectal Liver Metastasis,LiverMetastases
Annals of Gastroent Surgery - 2021 - Imai - Optimal patient selection for successful two_E2_80_90stage hepatectomy of bilateral.pdf,Imai,2021,Optimal patient selection for successful two- stage hepatectomy of bilateral colorectal liver metastases,LiverMetastases
s12893-020-0681-7.pdf,Wang,2020,"Comparison of sequential, delayed and simultaneous resection strategies for synchronous colorectal liver metastases",LiverMetastases
jgo-06-02-224.pdf,Nosher,2015,Non-operative therapies for colorectal liver metastases,LiverMetastases
jgo-10-06-1274.pdf,Kow,2019,Hepatic metastasis from colorectal cancer,LiverMetastases
330_2015_Article_3779.pdf,Gillams,2015,Thermal ablation of colorectal liver metastases: a position paper,ExtraHepaticMetastases
1-s2.0-S1470204520305994-main.pdf,Quénet,2021,"Oncological Cytoreductive surgery plus hyperthermic intraperitoneal chemotherapy versus cytoreductive surgery alone for colorectal peritoneal metastases (PRODIGE 7): a multicentre, randomised, open-label, phase 3 trial",ExtraHepaticMetastases
s004230050246.pdf,Sugarbaker,1999,Management of peritoneal-surface malignancy: the surgeon’s role,ExtraHepaticMetastases
6606060a.pdf,Fiorentino,2011,Clinical reports of pulmonary metastasectomy for colorectal cancer: a citation network analysis,ExtraHepaticMetastases
djz101.pdf,Spencer,2019,Systematic Review of the Role of Stereotactic Radiotherapy for Bone Metastases,ExtraHepaticMetastases
joc60064.pdf,Aoyama,2006,Stereotactic Radiosurgery Plus Whole-Brain Radiation Therapy vs Stereotactic Radiosurgery Alone for Treatment of Brain Metastases: A Randomized Controlled Trial,ExtraHepaticMetastases
nihms698054.pdf,Le,2015,PD-1 Blockade in Tumors with Mismatch-Repair Deficiency,ExtraHepaticMetastases
1-s2.0-S0360301609029721-main.pdf,Sperduto,2010,"Diagnosis-Specific Prognostic Factors, Indexes, and Treatment Outcomes for Patients with Newly Diagnosed Brain Metastases: A Multi-Institutional Analysis of 4,259 Patients",ExtraHepaticMetastases
1-s2.0-S1556086415307127-main.pdf,den Hengst,2014,Phase II Multicenter Clinical Trial of Pulmonary Metastasectomy and Isolated Lung Perfusion with Melphalan in Patients with Resectable Lung Metastases,ExtraHepaticMetastases
1-s2.0-S1470204512705107-main.pdf,Tree,2013,Stereotactic body radiotherapy for oligometastases,ExtraHepaticMetastases
benoist-et-al-2016-complete-response-of-colorectal-liver-metastases-after-chemotherapy-does-it-mean-cure.pdf,Benoist,2006,Complete Response of Colorectal Liver Metastases After Chemotherapy: Does It Mean Cure?,ExtraHepaticMetastases
verwaal-et-al-2016-randomized-trial-of-cytoreduction-and-hyperthermic-intraperitoneal-chemotherapy-versus-systemic.pdf,Verwaal,2003,Randomized Trial of Cytoreduction and Hyperthermic Intraperitoneal Chemotherapy Versus Systemic Chemotherapy and Palliative Surgery in Patients With Peritoneal Carcinomatosis of Colorectal Cancer,ExtraHepaticMetastases
1-s2.0-S0923753419347544-main.pdf,Van Cutsem,2016,ESMO consensus guidelines for the management of patients with metastatic colorectal cancer,ExtraHepaticMetastases
s41572-020-00216-3.pdf,Coleman,2020,Bone metastases,ExtraHepaticMetastases
nihms-1512362.pdf,Stewart,2018,"Cytoreduction for Colorectal Metastases: Liver, Lung, Peritoneum, Lymph Nodes, Bone, Brain. When Does it Palliate, Prolong Survival, and Potentially Cure?",ExtraHepaticMetastases
1-s2.0-S1470204515700574-main.pdf,Lin,2015,Response assessment criteria for brain metastases: proposal from the RANO group,ExtraHepaticMetastases
zlj263.pdf,Franko,2012,Treatment of Colorectal Peritoneal Carcinomatosis With Systemic Chemotherapy: A Pooled Analysis of NorthCentral Cancer Treatment Group Phase III Trials N9741and N9841,ExtraHepaticMetastases
djx015.pdf,Ruers,2017,Local Treatment of Unresectable Colorectal Liver Metastases: Results of a Randomized Phase II Trial,ExtraHepaticMetastases
1-s2.0-S0022522307015012-main.pdf,Boffa,2008,Data from The Society of Thoracic Surgeons General Thoracic Surgery database: The surgical management of primary lung tumors,ExtraHepaticMetastases
is_there_a_possibility_of_a_cure_in_patients_with.13.pdf,Goéré,2013,Is There a Possibility of a Cure in Patients With Colorectal Peritoneal Carcinomatosis Amenable to Complete Cytoreductive Surgery and Intraperitoneal Chemotherapy?,ExtraHepaticMetastases
1-s2.0-S0022522303005877-main.pdf,Pfannschmidt,2003,Prognostic factors and survival after complete resection of pulmonary metastases from colorectal carcinoma: Experiences in 167 patients,ExtraHepaticMetastases
36. the_american_society_of_colon_and_rectal_surgeons.5.pdf,Hawkins,2024,The American Society of Colon and Rectal Surgeons Clinical Practice Guidelines for the Management of Hemorrhoids,RectalPrimaryTumor
PIIS2059702925018897.pdf,Pentheroudakis,2025,ESMO Clinical Practice Guideline Express Update on the adoption of physical exercise in patients with localised colon cancer,RectalPrimaryTumor
23. Organ Preservation in the Treatment of Stage II and III Rectal Cancer.pdf,Hagen,2020,Organ Preservation in the Treatment of Stage II and III Rectal Cancer,RectalPrimaryTumor
15. RMS Cancer colorectal révolution technologique 2023.pdf,Bastid,2023,Cancer colorectal : révolution technologique,RectalPrimaryTumor
1. Prise en charge du cancer du rectum localisé en 2024.pdf,Baudoux,2024,Prise en charge du cancer du rectum localisé en 2024,RectalPrimaryTumor
GRECCAR 2 - Lancet 2017 - local excision over total mesorectal excision.pdf,Rullier,2017,"Organ preservation for rectal cancer (GRECCAR 2): a prospective, randomised, open-label, multicentre, phase 3 trial",RectalPrimaryTumor
GRECCAR-6 - JCO 2016 - Effect of Interval (7 or 11 weeks) for neoadjuvant treatment in rectal cancer.pdf,Lefevre,2016,"Effect of Interval (7 or 11 weeks) Between Neoadjuvant Radiochemotherapy and Surgery on Complete Pathologic Response in Rectal Cancer: A Multicenter, Randomized, Controlled Trial (GRECCAR-6)",RectalPrimaryTumor
5. Lancet 2024 Colorectal cancer.pdf,Eng,2024,Colorectal cancer,RectalPrimaryTumor
PIIS0923753425007318.pdf,Hofheinz,2025,"Localised rectal cancer: ESMO Clinical Practice Guideline for diagnosis, treatment and follow-up",RectalPrimaryTumor
rectal.pdf,NCCN,2025,NCCN Clinical Practice Guidelines in Oncology (NCCN Guidelines®) Rectal Cancer,RectalPrimaryTumor
22. Total-neoadjuvant-therapy-for-locally-advanced-rectal-cancer-induction-or-consolidation-chemotherapy.pdf,Aref,2022,Total Neoadjuvant Therapy for Locally Advanced Rectal Cancer: Induction or Consolidation Chemotherapy?,RectalPrimaryTumor
prodige_23.pdf,Conroy,2021,"Neoadjuvant chemotherapy with FOLFIRINOX and preoperative chemoradiotherapy for patients with locally advanced rectal cancer (UNICANCER-PRODIGE 23): a multicentre, randomised, open-label, phase 3 trial",RectalPrimaryTumor
